{"means":[2.5,2.5,2.0,2.25,2.5],"numberOfFeatures":2,"predictions":[0.710729900492331,0.394167794978621,-0.293805129936879,-0.678594724294287,0.230167757929454,0.625109697786436,0.443724210515974,-0.075482754091363,-0.0390903604564294,0.454144113773792,0.581399720820215,0.491276313652877,0.0779213889858617,0.415285281487565,0.626206090906593,0.539411704471333,0.457432450792454,0.0753770989863862,0.394694358776243,0.585224473880127],"theta":[0.695974007107305,-0.926891743171444,0.678334353341877,-0.149270875914614,0.684510521443799,0.400427688565304,0.636191757226452,0.382733463022268],"x":[0.901808631560676,-0.0896485853426384,0.671513655069989,0.0789609519201149,-0.0497429748297403,0.279628461822694,0.123961927892623,0.825197774835489,0.736557572957388,0.304735876296058],"y":[-2.5,-2.5,null,1.75,2.5,-2.5,null,-2.0,2.75,2.5,2.5,null,2.0,-2.25,-2.5,2.5,2.5,null,-2.25,-2.5]}